step,cumulative_reward,average_cumulative_reward,mean_waiting_time,mean_speed,queue_length
25205.0,0.0,0.0,0.0,0.0,0.0
25210.0,0.0,0.0,0.0,5.464131188497412,1.0
25215.0,0.0,0.0,0.0,11.395052273691805,1.0
25220.0,0.0,0.0,0.0,18.28019074459024,2.0193605329841375
25225.0,-0.01,-0.0005,0.14285714285714285,27.078426640547505,0.058081597089767456
25230.0,-0.02,-0.001475,0.30952380952380953,34.06570439170031,1.0580815970897675
25235.0,-0.03,-0.00290125,0.30952380952380953,41.148510568192926,1.0774421319365501
25240.0,-0.010000000000000002,-0.0032561875,0.30952380952380953,51.80776571514851,2.077442130073905
25245.0,-0.010000000000000002,-0.003593378125,0.30952380952380953,62.01838307793654,0.21827261708676815
25250.0,-0.020000000000000004,-0.00441370921875,0.30952380952380953,71.16711712549265,1.3591031040996313
25255.0,-0.020000000000000004,-0.0051930237578125,0.30952380952380953,80.22615363534591,1.339742572978139
25260.0,-0.030000000000000002,-0.006433372569921875,0.5822510822510822,89.06791266062532,2.4612125270068645
25265.0,-0.010000000000000005,-0.006611703941425781,0.6822510822510822,93.95799967312863,0.46121251210570335
25270.0,-0.11000000000000001,-0.011781118744354493,1.5284049284049284,102.34610789555597,1.339742572978139
25275.0,-1.3877787807814457e-17,-0.011192062807136768,1.5284049284049284,110.62482511453364,1.3907972685992718
25280.0,-0.040000000000000015,-0.012632459666779929,1.836097236097236,117.15962472620184,2.570348836481571
25285.0,-1.3877787807814457e-17,-0.012000836683440931,1.836097236097236,124.31469300631667,0.5897093527019024
25290.0,-1.3877787807814457e-17,-0.011400794849268885,1.836097236097236,135.0907293360688,1.4171847067773342
25295.0,-0.010000000000000014,-0.011330755106805441,1.8887288150446044,144.65970373986588,1.6962776184082031
25300.0,-0.12000000000000001,-0.01676421735146517,2.4887288150446043,152.5371391184712,2.737566739320755
25305.0,-0.06000000000000001,-0.018926006483891915,2.5322070759141697,160.66543829633915,0.6865120232105255
25310.0,-0.11000000000000001,-0.02347970615969732,2.9552839989910926,169.0460479768886,1.494626834988594
25315.0,-0.08000000000000002,-0.026305720851712455,2.9552839989910926,178.31011074967395,1.5650420598685741
25320.0,-0.05000000000000002,-0.027490434809126833,3.172675303338919,187.94185669895515,2.6477909684181213
25325.0,-0.05000000000000002,-0.028615913068670493,3.2635843942480096,196.03680473334225,0.6477909684181213
25330.0,-0.14,-0.03418511741523697,3.899948030611646,204.86623552452792,1.4752662982791662
25335.0,-0.16,-0.04047586154447512,3.9475670782306933,213.83972603977293,1.5263210088014603
25340.0,-0.12,-0.04445206846725136,4.447567078230693,222.02104523965647,2.6284304223954678
25345.0,-0.09,-0.046729465043888786,4.697567078230693,229.7824038096968,0.5580151900649071
25350.0,-0.2,-0.054392991791694344,5.6066579873216025,238.53769456325958,1.385490521788597
25355.0,-0.08,-0.05567334220210962,5.6066579873216025,248.22223804357216,1.4559057652950287
25360.0,-0.05,-0.05538967509200414,5.806657987321603,257.8703394746574,2.5773757062852383
25365.0,-0.010000000000000002,-0.05312019133740393,5.806657987321603,266.11505050921136,0.6160967946052551
25370.0,-0.07,-0.053964181770533734,6.124839805503421,275.18936438752513,1.494626834988594
25375.0,-0.07,-0.05476597268200705,6.215748896412512,284.3009726267457,1.6354573220014572
25380.0,-0.11,-0.05752767404790669,6.69400976597773,293.5173949140355,2.756927262991667
25385.0,-0.05,-0.057151290345511356,6.69400976597773,301.5302853349467,0.7058725655078888
25390.0,-0.04,-0.05629372582823579,6.8606764326443965,311.6969541837587,1.5333479046821594
25395.0,-0.010000000000000002,-0.053979039536823994,6.9023430993110635,322.6008099952966,1.5844026170670986
25400.0,-0.08000000000000002,-0.055280087559982795,7.250169186267585,331.5123171831865,2.7252330984920263
25405.0,-0.040000000000000015,-0.05451608318198366,7.250169186267585,340.10949778274517,0.8150088600814342
25410.0,-0.040000000000000015,-0.053790279022884475,7.404015340113739,349.2898594662502,1.5720689706504345
25415.0,-0.05000000000000002,-0.053600765071740254,7.480938417036816,356.7586901150699,1.6424842029809952
25420.0,-0.11000000000000001,-0.056420726818153244,8.110568046666446,365.606652432109,2.6865120343863964
25425.0,-0.17000000000000004,-0.06209969047724558,8.341337277435676,375.2446882272452,0.6548178605735302
25430.0,-0.08000000000000003,-0.0629947059533833,8.661337277435676,384.3051495870613,1.5527084320783615
25435.0,-0.12000000000000002,-0.06584497065571414,8.741337277435676,392.70818250435883,1.5527084320783615
25440.0,-0.09000000000000002,-0.06705272212292843,9.101337277435675,401.50431593406984,2.4946268405765295
25445.0,-0.11000000000000003,-0.069200086016782,9.14481553830524,412.14638557274986,0.37315688095986843
25450.0,-0.07000000000000003,-0.0692400817159429,9.478148871638574,422.141873824815,1.2710474655032158
25455.0,-0.10000000000000003,-0.07077807763014575,9.636043608480678,431.9258491415973,1.2904080003499985
25460.0,-2.7755575615628914e-17,-0.06723917374863846,9.636043608480678,443.2696022671213,2.232326403260231
25465.0,-0.020000000000000028,-0.06487721506120653,9.769376941814011,452.6039631081559,0.2516869306564331
25470.0,-0.16000000000000003,-0.0696333543081462,10.558850626024537,459.8548470773452,1.36082324385643
25475.0,-0.11000000000000003,-0.07165168659273889,10.558850626024537,468.43546522169623,1.4312384873628616
25480.0,-2.7755575615628914e-17,-0.06806910226310195,10.558850626024537,478.1535514538649,2.5333479046821594
25485.0,-0.060000000000000026,-0.06766564714994686,10.789619856793767,487.66607746930464,0.5016537308692932
25490.0,-0.20000000000000004,-0.07428236479244951,11.50390557107948,496.9656283010925,1.5403748005628586
25495.0,-0.24000000000000002,-0.08256824655282703,11.69140557107948,504.95095889142397,1.7516205310821533
25500.0,-0.18000000000000002,-0.08743983422518567,11.994435874109783,513.2300712094209,2.7639541625976562
25505.0,-0.14000000000000004,-0.09006784251392638,12.133324762998672,521.0343320051079,0.8026752322912216
25510.0,-0.36,-0.10356445038823006,12.85127348094739,529.8166848023991,1.7005658000707626
25515.0,-0.42,-0.11938622786881856,13.04174967142358,537.4568176979418,1.751620501279831
25520.0,-0.21,-0.12391691647537761,13.589368719042627,545.4950869186306,2.7639541625976562
25525.0,-0.18,-0.12672107065160873,13.615009744683652,553.4063822274627,0.6424842029809952
25530.0,-0.28,-0.13438501711902828,14.140009744683653,562.6491991064837,1.3995442986488342
25535.0,-0.27,-0.14116576626307686,14.248117852791761,571.7446836528941,1.4699595421552658
25540.0,-0.09,-0.138607477949923,14.491361096035005,581.9022762661721,2.462932661175728
25545.0,-0.04,-0.13367710405242686,14.519932524606434,591.4680294856236,0.34146270900964737
25550.0,-0.17,-0.13549324884980551,14.977075381749291,601.0759155435269,1.4286704286932945
25555.0,-0.19,-0.13821858640731524,15.041591510781549,610.0384262439889,1.4286704286932945
25560.0,-0.12,-0.13730765708694948,15.420901855609134,619.8032557753708,2.2129658572375774
25565.0,-0.15,-0.137942274232602,15.569050003757283,628.2440252250495,0.2516869269311428
25570.0,-0.2,-0.1410451605209719,16.198679633386913,636.5540183581577,1.2710474580526352
25575.0,-0.16,-0.1419929024949233,16.267645150628294,644.6187950940799,1.2516869232058525
25580.0,-0.17,-0.14339325737017714,16.83431181729496,654.4803717673175,2.1548842694610357
25585.0,-0.19,-0.14572359450166827,16.977168960152103,663.3470072478412,0.2737861778587103
25590.0,-0.15,-0.14593741477658487,17.597858615324515,669.8135573035714,1.2931467108428478
25595.0,-0.16,-0.14664054403775562,18.46882635726,675.9833422010311,1.135523732751608
25600.0,-0.25,-0.15180851683586785,19.832462720896363,683.5525381813063,2.1478573754429817
25605.0,-0.47,-0.16771809099407445,19.89912938756303,689.8223891411436,0.28611981868743896
25610.0,-0.29,-0.1738321864443707,20.24198653042017,697.7639979669057,1.2544256448745728
25615.0,-0.23,-0.17664057712215217,20.70352499195863,705.6593609402371,1.3758955895900726
25620.0,-0.39,-0.18730854826604454,21.83173012016376,713.1297294025089,2.3758955895900726
25625.0,-0.5,-0.2029431208527423,22.117444405878043,720.4775559572162,0.3926880806684494
25630.0,-0.55,-0.22029596481010516,22.18266179718239,728.5719798868436,1.6911415364593267
25635.0,-0.34,-0.2262811665695999,22.250843615364207,735.8710457197172,1.8294039871543646
25640.0,-0.74,-0.2519671082411199,22.80186402352747,742.6938142137762,2.722835725173354
25645.0,-0.9,-0.2843687528290639,23.084472719179647,749.8949579320087,0.582005238160491
25650.0,-0.8,-0.3101503151876107,23.98030605251298,755.9271067002541,1.7713223900645971
25655.0,-0.86,-0.33764279942823017,24.60030605251298,760.9534744941905,1.8417376279830933
25660.0,-1.06,-0.37376065945681863,25.31184451405144,765.6960390378493,2.7351693641394377
25665.0,-1.27,-0.4185726264839777,26.625570004247518,770.2716595120623,0.8030165638774633
25670.0,-1.22,-0.4586439951597788,28.292236670914185,774.7429604427364,2.079541450366378
25675.0,-1.35,-0.5032117954017898,28.94678212545964,780.621983884304,1.9606395419687033
25680.0,-1.35,-0.5455512056317003,30.24866891791247,787.3775624868468,2.7034751884639263
25685.0,-1.55,-0.5957736453501153,32.56866891791247,792.8651480386233,0.6815466098487377
25690.0,-1.48,-0.6399849630826095,35.10866891791247,798.4889061043331,1.6111313607543707
25695.0,-1.56,-0.6859857149284792,37.29234238730022,803.6245091470399,1.6111313607543707
25700.0,-1.56,-0.7296864291820553,40.51683218321859,808.52908513582,2.574978344142437
25705.0,-1.59,-0.7727021077229526,44.59683218321859,813.6823617014774,0.6964482963085175
25710.0,-1.74,-0.8210670023368049,49.29494539076576,818.2231534989559,1.7642954960465431
25715.0,-1.79,-0.8695136522199646,54.06417615999653,823.3035845003689,1.863836869597435
25720.0,-1.7,-0.9110379696089663,59.77326706908744,828.9514158396324,2.6964482963085175
25725.0,-1.51,-0.940986071128518,65.42141521723559,833.7688526125487,0.9025579392910004
25730.0,-1.37,-0.9624367675720921,72.76103785874503,838.8160730984496,1.7810879796743393
25735.0,-1.77,-1.0028149291934874,80.29044962345091,843.4691978917358,1.7836560308933258
25740.0,-2.77,-1.091174182733813,82.54535158423522,849.9022477202647,2.7158088311553
25745.0,-3.07,-1.1901154735971222,83.1575964821944,855.8493357366555,0.6673221662640572
25750.0,-2.19,-1.240109699917266,84.8450964821944,860.8653489027574,1.6162674576044083
25755.0,-3.22,-1.3391042149214027,85.04917811484746,866.4779961982841,1.667322151362896
25760.0,-3.37,-1.4406490041753326,86.3825114481808,872.9546688577809,2.766863539814949
25765.0,-3.22,-1.529616553966566,88.51584478151413,879.4201031920987,0.6964482963085175
25770.0,-2.46,-1.5761357262682376,89.83402659969595,886.6094990204999,1.6041044741868973
25775.0,-4.35,-1.7148289399548258,89.95307421874357,893.3610753803085,1.6551591865718365
25780.0,-5.19,-1.8885874929570845,90.81793908360844,901.1075172012554,2.5168967451900244
25785.0,-5.05,-2.0466581183092303,91.36632618038263,907.5173400849097,0.3760662581771612
25790.0,-1.7999999999999998,-2.0343252123937687,92.59213263199553,915.2847364797107,1.6138700749725103
25795.0,-1.4999999999999998,-2.0076089517740803,93.4135612034241,922.9620430674481,1.4756076335906982
25800.0,-3.09,-2.061728504185376,93.63578342564632,931.4570710326191,2.237803816795349
25805.0,-3.15,-2.1161420789761074,93.83578342564633,939.3325595173337,0.47560763359069824
25810.0,-2.5,-2.135334975027302,94.31404429521154,946.8211258104707,1.4949681665748358
25815.0,-2.47,-2.1520682262759365,94.40100081695067,954.3446539693289,1.4949681665748358
25820.0,-2.54,-2.17146481496214,95.15100081695067,963.5915090473762,2.138262441381812
25825.0,-1.84,-2.154891574214033,95.4141587116875,972.1958220101698,0.3760662581771612
25830.0,-0.1499999999999999,-2.054646995503331,96.20363239589803,981.2344232549107,1.5653834100812674
25835.0,-0.019999999999999907,-1.952914645728164,96.20363239589803,990.1594847854349,1.4464815016835928
25840.0,-0.009999999999999907,-1.8557689134417557,96.26613239589803,1001.4892055189855,2.189317151904106
25845.0,-0.009999999999999907,-1.7634804677696678,96.34946572923135,1011.8253579317214,0.11890190839767456
25850.0,-0.0599999999999999,-1.6783064443811841,96.84946572923135,1023.0879054866668,1.1189019083976746
25855.0,9.71445146547012e-17,-1.594391122162125,96.84946572923135,1034.406365448193,1.0
25860.0,9.71445146547012e-17,-1.5146715660540186,96.84946572923135,1044.6977022384062,2.1189019083976746
25865.0,9.71445146547012e-17,-1.4389379877513175,96.84946572923135,1054.2620182411588,0.23780381679534912
25870.0,-0.009999999999999903,-1.3674910883637514,96.97446572923135,1061.7695687411083,1.4756076335906982
25875.0,9.71445146547012e-17,-1.2991165339455637,96.97446572923135,1068.2761148024433,1.4756076335906982
25880.0,9.71445146547012e-17,-1.2341607072482854,96.97446572923135,1079.4686590063188,2.237803816795349
25885.0,9.71445146547012e-17,-1.172452671885871,96.97446572923135,1088.0240284657907,0.3567057251930237
25890.0,-0.06999999999999991,-1.1173300382915774,97.55779906256468,1094.9808891648838,1.4756076335906982
25895.0,-0.019999999999999907,-1.0624635363769983,97.55779906256468,1102.1577840116488,1.4756076335906982
25900.0,9.367506770274758e-17,-1.0093403595581483,97.55779906256468,1112.1678718933915,2.4756076335906982
25905.0,9.367506770274758e-17,-0.9588733415802408,97.55779906256468,1122.7578822547996,0.3567057251930237
25910.0,-0.0799999999999999,-0.9149296745012288,98.05779906256468,1131.2889902476297,1.4756076335906982
25915.0,-0.049999999999999906,-0.8716831907761672,98.12029906256468,1138.8605569366314,1.4756076335906982
25920.0,-0.029999999999999902,-0.8295990312373588,98.28696572923135,1148.741353177243,2.237803816795349
25925.0,-0.009999999999999905,-0.7886190796754907,98.33959730817872,1159.111915936429,0.3567057251930237
25930.0,-0.09999999999999992,-0.7541881256917161,99.0062639748454,1167.7492961277342,1.4756076335906982
25935.0,-0.059999999999999915,-0.7194787194071303,99.0062639748454,1175.893232465603,1.4756076335906982
25940.0,8.326672684688674e-17,-0.6835047834367737,99.0062639748454,1186.7980572121633,2.2571643497794867
25945.0,-0.019999999999999917,-0.6503295442649349,99.11152713274014,1196.739723923167,0.3979948367923498
25950.0,-0.11999999999999991,-0.6238130670516882,99.81740948568131,1204.970421848782,1.5581858567893505
25955.0,-0.039999999999999925,-0.5946224136991037,99.81740948568131,1215.0266040761674,1.439283948391676
25960.0,-0.019999999999999924,-0.5658912930141485,99.9174094856813,1224.5144432029958,2.480573045089841
25965.0,-0.009999999999999924,-0.538096728363441,99.9174094856813,1234.6492747597845,0.4295183476060629
25970.0,7.632783294297951e-17,-0.5111918919452689,99.9174094856813,1245.661675481353,1.3080483954399824
25975.0,7.632783294297951e-17,-0.48563229734800545,99.9174094856813,1257.1436547234907,1.4295183345675468
25980.0,-0.049999999999999926,-0.4638506824806052,100.19518726345908,1266.6115832152725,2.5509882867336273
25985.0,-0.07999999999999993,-0.4446581483565749,100.31283432228261,1275.8322735906534,0.5509883016347885
25990.0,6.938893903907228e-17,-0.42242524093874617,100.31283432228261,1285.100040925913,1.5290597230196
25995.0,-0.01999999999999993,-0.40230397889180886,100.41809748017735,1292.8439488405188,1.7985577043145895
26000.0,-0.18999999999999995,-0.3916887799472184,101.32285938493925,1301.0929510219457,2.779197171330452
26005.0,-0.17999999999999994,-0.38110434094985746,101.50467756675744,1308.1951535706203,0.779197171330452
26010.0,-0.06999999999999995,-0.36554912390236455,102.00467756675744,1316.8592345606417,1.735340029001236
26015.0,-0.029999999999999943,-0.3487716677072463,102.00467756675744,1324.3169906227095,1.7572686076164246
26020.0,-0.07999999999999995,-0.335333084321884,102.46301090009077,1334.1160045445133,2.589880034327507
26025.0,5.551115123125783e-17,-0.31856643010578983,102.46301090009077,1344.4250821385813,0.63836669921875
26030.0,-0.08999999999999994,-0.30713810860050034,102.7963442334241,1353.9810444933762,1.686853364109993
26035.0,-0.039999999999999945,-0.2937812031704753,102.7963442334241,1363.3654244473203,1.686853364109993
26040.0,-0.04999999999999995,-0.2815921430119515,102.98865192573179,1373.1853861821012,2.589880034327507
26045.0,5.551115123125783e-17,-0.26751253586135393,102.98865192573179,1382.5103842151698,0.63836669921875
26050.0,-0.09999999999999995,-0.25913690906828624,103.33347951193868,1391.8053785746386,1.4975362122058868
26055.0,-0.08999999999999994,-0.2506800636148719,103.37347951193868,1399.2886482932527,1.3786343038082123
26060.0,-0.09999999999999995,-0.24314606043412829,103.70681284527201,1407.17317303403,2.3786343038082123
26065.0,-0.05999999999999994,-0.23398875741242187,103.70681284527201,1415.0172391630372,0.3082190603017807
26070.0,-0.23999999999999994,-0.23428931954180077,104.37347951193868,1421.6016772067694,1.3082190603017807
26075.0,-0.41999999999999993,-0.2435748535647107,105.43597951193868,1425.97607598335,1.3275795932859182
26080.0,-0.39999999999999997,-0.2513961108864752,106.30264617860534,1431.912020910643,2.2086776848882437
26085.0,-0.23999999999999994,-0.2508263053421514,106.30264617860534,1439.7304126784593,0.1382624413818121
26090.0,-0.38999999999999996,-0.2577849900750438,107.23597951193868,1443.2768971192363,1.2984534613788128
26095.0,-0.56,-0.2728957405712916,108.18042395638312,1447.507350077898,1.577546387910843
26100.0,-0.54,-0.28625095354272706,108.86463448269892,1453.208535997105,2.4586444795131683
26105.0,-0.43,-0.2934384058655907,108.96463448269891,1459.0882197522963,0.3178139943629503
26110.0,-0.6,-0.3087664855723111,109.87767796095979,1465.6699771588296,1.4147873222827911
26115.0,-0.79,-0.3328281612936955,110.93650149037155,1469.8685178349572,1.2765248827636242
26120.0,-0.76,-0.3541867532290107,112.10316815703823,1473.3547952425072,2.2571643497794867
26125.0,-0.84,-0.37847741556756015,112.33846227468528,1476.2953267939492,0.1382624413818121
26130.0,-1.04,-0.4115535447891821,113.89401783024084,1480.1854023609442,1.2765248827636242
26135.0,-0.94,-0.43797586754972295,114.76901783024084,1484.6985373358355,1.138262441381812
26140.0,-0.92,-0.46207707417223676,116.10235116357417,1489.1377344305706,2.1576229743659496
26145.0,-0.83,-0.4804732204636249,117.35235116357417,1494.0234616095704,0.1963440403342247
26150.0,-1.08,-0.5104495594404437,119.0745733857964,1498.0553023056223,1.4050217270851135
26155.0,-1.18,-0.5439270814684214,120.91667864895429,1502.7823292781982,1.5458522140979767
26160.0,-1.2,-0.5767307273950002,121.7262024584781,1508.4377989854731,2.5484202578663826
26165.0,-1.17,-0.6063941910252502,122.30953579181143,1513.6558109902858,0.5167260766029358
26170.0,-1.3,-0.6410744814739877,122.70239293466857,1520.030949926102,1.5554471518844366
26175.0,-1.18,-0.6680207574002883,123.05953579181143,1526.9597975808188,1.773890431970358
26180.0,-1.22,-0.6956197195302738,123.59286912514476,1532.741258576315,2.8662342485040426
26185.0,-1.49,-0.7353387335537601,124.00027653255216,1538.5912957834241,0.7958190068602562
26190.0,-1.65,-0.7810717968760721,124.76694319921883,1545.2840206872581,1.6937095820903778
26195.0,-1.58,-0.8210182070322685,126.10027653255216,1552.9499382092215,1.6065018586814404
26200.0,-1.73,-0.866467296680655,127.80860986588549,1558.6034530440088,2.5897093694657087
26205.0,-1.87,-0.9166439318466223,128.03588259315822,1563.5094529094765,0.519294124096632
26210.0,-1.88,-0.9648117352542911,128.64457824533213,1570.684816857972,1.1865784414112568
26215.0,-1.9,-1.0115711484915766,129.1708940348058,1576.6770116492687,1.2886878624558449
26220.0,-1.52,-1.0369925910669977,129.5708940348058,1582.541314615594,2.3907972685992718
26225.0,-1.62,-1.0661429615136477,130.11634858026034,1587.311070481637,0.4999335780739784
26230.0,-1.72,-1.0988358134379654,130.15338561729737,1595.1618429610207,1.4488788694143295
26235.0,-1.29,-1.1083940227660671,130.35338561729736,1603.965731161819,1.5484202560037374
26240.0,-0.37,-1.0714743216277638,130.989749253661,1610.7427684978,2.5897093545645475
26245.0,-0.27,-1.0314006055463756,130.989749253661,1618.6518088930238,0.5897093694657087
26250.0,-0.29,-0.9943305752690567,131.18205694596867,1628.6070148017577,1.4171847011893988
26255.0,-0.04999999999999999,-0.9471140465056037,131.22553520683823,1638.5103672094028,1.5386546608060598
26260.0,-0.14,-0.9067583441803235,131.92553520683822,1645.9501124891663,2.6090698838233948
26265.0,-0.1,-0.8664204269713073,131.97098975229275,1653.5605599377084,0.8371081203222275
26270.0,-0.07,-0.8265994056227418,132.20175898306198,1663.4028284957246,1.664583459496498
26275.0,0.0,-0.7852694353416046,132.20175898306198,1673.2785782221843,1.6160967852920294
26280.0,-0.07,-0.7495059635745244,132.5199408012438,1683.1223754743064,2.667151501402259
26285.0,-0.05,-0.714530665395798,132.5199408012438,1692.467730958636,0.6671514920890331
26290.0,-0.05,-0.681304132126008,132.7699408012438,1702.587665933184,1.4559057652950287
26295.0,0.0,-0.6472389255197076,132.7699408012438,1711.5963300309636,1.5580151788890362
26300.0,-0.09,-0.6193769792437221,133.24362501177012,1720.018534602097,2.6601246148347855
26305.0,-0.08,-0.592408130281536,133.24362501177012,1726.3244180994393,0.6601246129721403
26310.0,-0.05,-0.5652877237674592,133.5214027895479,1735.4613580108817,1.4488788805902004
26315.0,-0.06,-0.5400233375790862,133.58022631895966,1745.037124513121,1.5703488364815712
26320.0,-0.16,-0.5210221707001318,134.5214027895479,1751.1323187514308,2.691818790510297
26325.0,-0.15,-0.5024710621651252,134.5214027895479,1757.8971267775498,0.6918187905102968
26330.0,-0.01999999999999999,-0.4783475090568689,134.616640884786,1766.6382335474027,1.4295183345675468
26335.0,-0.039999999999999994,-0.45643013360402546,134.66209543024053,1775.574961030754,1.519294111058116
26340.0,-0.11999999999999998,-0.4396086269238242,135.2335240016691,1782.7428182076324,2.6601245999336243
26345.0,-0.10999999999999999,-0.423128195577633,135.2335240016691,1790.8351814618636,0.7305398415774107
26350.0,1.3877787807814457e-17,-0.4019717857987513,135.2335240016691,1801.1148070717172,1.4171847011893988
26355.0,-0.059999999999999984,-0.38487319650881374,135.56685733500245,1809.7472738150327,1.3978241737931967
26360.0,-0.24,-0.37762953668337307,137.16685733500245,1819.2544052544708,2.3978241737931967
26365.0,-0.15,-0.3662480598492044,137.16685733500245,1827.8197927305748,0.37589558959007263
26370.0,-0.03,-0.34943565685674416,137.39762656577167,1836.6453294064975,1.3539670165628195
26375.0,0.0,-0.3319638740139069,137.39762656577167,1846.6445528051504,1.0774421319365501
26380.0,0.0,-0.31536568031321155,137.39762656577167,1856.8828205591167,2.096802666783333
26385.0,-0.02,-0.30059739629755095,137.55147271961783,1862.9205652839694,0.30548034608364105
26390.0,-0.2,-0.29556752648267337,138.72794330785314,1869.4380597701893,1.5335185676813126
26395.0,-0.21,-0.2912891501585397,138.72794330785314,1877.544309582748,1.366129994392395
26400.0,-0.04000000000000001,-0.27872469265061267,138.8946099745198,1888.0365486439546,2.3274089246988297
26405.0,-0.010000000000000009,-0.26528845801808204,138.8946099745198,1898.4136752103568,0.29571475088596344
26410.0,-8.673617379884035e-18,-0.2520240351171779,138.8946099745198,1910.0765181705774,1.3442014157772064
26415.0,-8.673617379884035e-18,-0.239422833361319,138.8946099745198,1921.3783674894394,1.1672179102897644
26420.0,-0.02000000000000001,-0.22845169169325305,139.1446099745198,1932.154693943495,2.237633153796196
26425.0,-1.0408340855860843e-17,-0.21702910710859039,139.1446099745198,1939.870623430433,0.27635422348976135
26430.0,-0.04000000000000001,-0.20817765175316086,139.3946099745198,1948.9529736403845,1.43397718667984
26435.0,-0.020000000000000007,-0.19876876916550282,139.3946099745198,1957.87869184218,1.4559057708829641
26440.0,-0.07,-0.19233033070722766,139.6554795397372,1966.3497624475558,2.8662342485040426
26445.0,-0.04,-0.18471381417186628,139.6554795397372,1976.2940777134904,0.8151795417070389
26450.0,-0.06,-0.17847812346327296,139.9054795397372,1985.2091096093177,1.6232943385839462
26455.0,-0.06,-0.1725542172901093,139.9054795397372,1994.2102837582645,1.6258623898029327
26460.0,-0.07,-0.16742650642560383,140.19119382545148,2004.3299838316832,2.6284304335713387
26465.0,-0.020000000000000004,-0.16005518110432362,140.19119382545148,2012.7112579230725,0.6090699024498463
26470.0,-0.1,-0.15705242204910744,140.6648780359778,2021.624949077662,1.4171847067773342
26475.0,-0.04,-0.15119980094665206,140.6648780359778,2029.290773193655,1.4875999502837658
26480.0,-0.06,-0.14663981089931946,140.96487803597782,2037.332161450652,2.6407640799880028
26485.0,-0.04,-0.1413078203543535,141.0175096149252,2045.2864845900042,0.6794851422309875
26490.0,-0.010000000000000002,-0.1347424293366358,141.0175096149252,2055.3109355850715,1.436545243486762
26495.0,-0.05,-0.130505307869804,141.2079858054014,2064.469490702275,1.7156381662935019
26500.0,-0.18,-0.1329800424763138,142.0175096149252,2073.169808206246,2.7349986992776394
26505.0,-0.11,-0.1318310403524981,142.0175096149252,2081.0848955824895,0.6328892707824707
26510.0,-0.06,-0.1282394883348732,142.2675096149252,2090.4342023173394,1.3512282967567444
26515.0,-0.020000000000000004,-0.12282751391812953,142.2675096149252,2099.2055584378636,1.2323263995349407
26520.0,-3.469446951953614e-18,-0.11668613822222305,142.2675096149252,2109.7777127635463,2.2737861778587103
26525.0,-3.469446951953614e-18,-0.1108518313111119,142.2675096149252,2120.011693647711,0.41204861365258694
26530.0,-0.13,-0.1118092397455563,143.03221549727812,2127.3287284985963,1.5696715824306011
26535.0,-0.020000000000000004,-0.10721877775827848,143.03221549727812,2134.762677105707,1.382922476157546
26540.0,-3.469446951953614e-18,-0.10185783887036455,143.24054883061146,2144.0022906951112,2.523752963170409
26545.0,-0.010000000000000004,-0.09726494692684631,143.24054883061146,2154.4042825087317,0.6135287489742041
26550.0,-0.11000000000000001,-0.097901699580504,143.64054883061146,2163.436067026612,1.6522498037666082
26555.0,-0.15000000000000002,-0.1005066146014788,143.76554883061146,2171.8437768180747,1.5650420784950256
26560.0,-0.12000000000000002,-0.10148128387140487,144.16554883061147,2181.3825843255468,2.5456815510988235
26565.0,-0.08000000000000003,-0.10040721967783463,144.23962290468555,2189.7703266721132,0.44357211887836456
26570.0,-0.17000000000000004,-0.1038868586939429,144.87962290468553,2198.4082711604588,1.3925174176692963
26575.0,-0.27,-0.11219251575924576,145.37962290468553,2206.2097665777437,1.4822932034730911
26580.0,-0.22,-0.11758288997128345,145.50083502589766,2213.7985653599303,2.742025598883629
26585.0,-0.13,-0.11820374547271928,145.52861280367543,2222.032644188804,0.7420255802571774
26590.0,-0.27,-0.1257935581990833,145.8857556608183,2230.1261032204375,1.8777199946343899
26595.0,-0.38,-0.13850388028912913,146.28049250292355,2237.747257501716,1.7588180862367153
26600.0,-0.36,-0.14957868627467266,146.68049250292356,2245.849634333533,2.7226650528609753
26605.0,-0.32,-0.158099751960939,146.68049250292356,2254.1904268130274,0.6231236662715673
26610.0,-0.37,-0.16869476436289205,147.142030964462,2261.4287750017147,1.5720689706504345
26615.0,-0.4,-0.18026002614474745,147.47536429779535,2268.773596775718,1.6741783823817968
26620.0,-0.4,-0.1912470248375101,147.83647540890647,2276.8566518593784,2.725233083590865
26625.0,-0.26,-0.1946846735956346,147.8667784392095,2285.155866651229,0.7956483270972967
26630.0,-0.34,-0.20195043991585288,148.41850257714054,2293.22512036188,1.5333478953689337
26635.0,-0.42,-0.21285291792006023,148.8667784392095,2301.79024846596,1.6037631332874298
26640.0,-0.31,-0.21771027202405718,149.08106415349522,2309.300454343704,2.7445936258882284
26645.0,-0.2,-0.2168247584228543,149.1500296707366,2316.6913816176425,0.7639541681855917
26650.0,-0.34,-0.2229835205017116,149.75002967073658,2324.4110406851146,1.5914295129477978
26655.0,-0.35,-0.229334344476626,150.16382277418487,2332.5368852812103,1.7128994576632977
26660.0,-0.19,-0.22736762725279472,150.66382277418487,2341.843831364739,2.7956483475863934
26665.0,-0.15,-0.223499245890155,150.7971561075182,2349.2856471709883,0.8150088787078857
26670.0,-0.26,-0.22532428359564724,151.4846561075182,2358.3091403078,1.5720689594745636
26675.0,-0.19,-0.22355806941586487,151.57556519842728,2366.76812069523,1.5720689594745636
26680.0,-0.21,-0.22288016594507162,152.11842234128443,2374.5106361026374,2.6548178400844336
26685.0,-0.07999999999999999,-0.21573615764781803,152.1478341059903,2382.872252662392,0.6037631388753653
26690.0,-0.18,-0.21394934976542712,152.62005632821254,2392.0713437200116,1.5720689799636602
26695.0,-0.31,-0.21875188227715575,153.00894521710143,2399.604569402525,1.7128994464874268
26700.0,-0.25,-0.22031428816329796,153.38394521710143,2407.753565116582,2.7639541532844305
26705.0,-0.26,-0.22229857375513307,153.4975815807378,2415.9541292619156,0.9919923804700375
26710.0,-0.28,-0.22518364506737643,153.82366853725955,2424.9466648995576,1.989424329251051
26715.0,-0.37,-0.23242446281400758,154.16409406917444,2433.052846623596,1.9118115417659283
26720.0,-0.41,-0.2413032396733072,154.57225733448055,2440.7334734781984,3.013920968398452
26725.0,-0.55,-0.25673807768964185,154.9055906678139,2448.832721392578,1.103696709498763
26730.0,-0.58,-0.27290117380515977,155.20747746026672,2457.5861080700925,1.9311720579862595
26735.0,-0.69,-0.29375611511490174,155.4852552380445,2466.113749120079,2.0526420287787914
26740.0,-0.72,-0.31506830935915664,156.05388268902487,2474.7765701486683,3.0649756900966167
26745.0,-0.71,-0.3348148938911988,156.4234479064162,2482.1597457475696,1.1036967635154724
26750.0,-0.62,-0.3490741491966388,156.7888325218008,2489.716351477878,2.1689758896827698
26755.0,-0.75,-0.3691204417368069,157.1088325218008,2497.0574498266897,2.190904475748539
26760.0,-0.75,-0.3881644196499665,157.68575559872386,2504.4979648680505,3.273653334006667
26765.0,-0.9,-0.41375619866746816,158.21516736342974,2511.355405756806,1.4312763065099716
26770.0,-0.84,-0.4350683887340947,158.96988434456182,2517.8089893829015,2.428708255290985
26775.0,-1.05,-0.4658149692973899,159.59951397419144,2524.0864836125293,2.4312763437628746
26780.0,-1.03,-0.4940242208325204,160.42970265343672,2531.416547476487,3.1353909075260162
26785.0,-1.15,-0.5268230097908944,161.0623557146612,2538.0859891994533,1.3247080743312836
26790.0,-1.02,-0.5514818593013496,161.42970265343672,2544.5633659877544,2.273653358221054
26795.0,-1.2,-0.5839077663362822,161.88622439256716,2550.7002810006384,2.186445638537407
26800.0,-1.19,-0.614212378019468,162.59076984711263,2558.2079084777542,3.089642982929945
26805.0,-1.1,-0.6385017591184947,163.01182247869158,2564.2726573573914,1.160058181732893
26810.0,-0.95,-0.65407667116257,163.58325105012017,2569.7687589403768,2.1283640414476395
26815.0,-0.94,-0.6683728376044414,163.84039390726304,2575.9137311156906,2.157490164041519
26820.0,-0.82,-0.6759541957242193,164.2949393618085,2583.7005897670037,3.0800480246543884
26825.0,-0.83,-0.6836564859380083,164.76160602847517,2591.609490614045,1.0315613746643066
26830.0,-0.63,-0.6809736616411078,164.95391372078285,2599.2299185045126,1.9611461162567139
26835.0,-0.58,-0.6759249785590524,165.03083679770592,2606.8122137561995,1.9417855888605118
26840.0,-0.72,-0.6781287296310998,165.57250346437257,2612.8193246245824,2.941785588860512
26845.0,-0.72,-0.6802222931495449,165.9653606072297,2618.4355827448408,1.0315613597631454
26850.0,-0.47,-0.6697111784920675,166.238087879957,2624.9490723698577,1.9998671561479568
26855.0,-0.55,-0.6637256195674641,166.35237359424272,2632.8400100319586,2.169823780655861
26860.0,-0.55,-0.6580393385890908,166.70372494559408,2640.3479383826607,3.1530313044786453
26865.0,-0.6,-0.6551373716596363,167.04583020875197,2648.1065039802515,1.1213371306657791
26870.0,-0.41,-0.6428805030766543,167.14583020875196,2656.9944410406733,1.9998671561479568
26875.0,-0.3,-0.6257364779228216,167.19583020875197,2665.1471564770636,2.0192276891320944
26880.0,-0.51,-0.6199496540266805,167.8010933666467,2672.810652289837,3.101976588368416
26885.0,-0.46,-0.6119521713253464,168.0010933666467,2679.3574332409285,1.2595995776355267
26890.0,-0.23,-0.592854562759079,168.1010933666467,2687.008207787591,1.9779386185109615
26895.0,-0.28,-0.577211834621125,168.15514742070076,2693.959434969277,1.9805066399276257
26900.0,-0.57,-0.5768512428900687,169.04086170641503,2700.0557358570086,3.11174220405519
26905.0,-0.76,-0.5860086807455653,169.77770381167818,2705.79728897424,1.3495460208505392
26910.0,-0.66,-0.589708246708287,170.35270381167817,2712.3535598441217,2.26936518214643
26915.0,-0.51,-0.5857228343728726,170.51059854852028,2718.7884900981626,2.060687495395541
26920.0,-0.67,-0.589936692654229,170.99777803569975,2725.6886436900922,3.0606874972581863
26925.0,-0.61,-0.5909398580215175,171.31356750938397,2733.146521657807,1.2500046640634537
26930.0,-0.59,-0.5908928651204416,171.64690084271732,2741.472040429806,2.317851847037673
26935.0,-0.58,-0.5903482218644195,171.8263880222045,2748.8629770167113,2.407627632841468
26940.0,-0.77,-0.5993308107711984,172.6874991333156,2756.039281885882,3.3882671054452658
26945.0,-0.85,-0.6118642702326385,173.38194357776007,2762.122916818904,1.3591409288346767
26950.0,-0.79,-0.6207710567210065,174.38194357776007,2767.5295439675974,2.4076276049017906
26955.0,-0.86,-0.6327325038849562,174.59246989354955,2774.6605086115687,2.5097370259463787
26960.0,-0.9,-0.6460958786907084,174.8851528203788,2782.9703369044787,3.2551407236605883
26965.0,-0.91,-0.6592910847561729,175.16720410243008,2789.8213290812064,1.3423484675586224
26970.0,-0.58,-0.6553265305183643,175.41720410243008,2797.6590470837605,2.1989499032497406
26975.0,-0.58,-0.6515602039924461,175.5197682049942,2806.453449842612,2.2693651653826237
26980.0,-0.84,-0.6609821937928237,176.49345241552052,2814.043710915303,3.220878517255187
26985.0,-1.02,-0.6789330841031825,177.30426322633133,2821.0275132348775,1.4076276030391455
26990.0,-0.51,-0.6704864298980233,177.3568948052787,2829.696942160864,1.9585780464112759
26995.0,-0.51,-0.6624621084031221,177.41571833469047,2838.178643131694,1.8520097937434912
27000.0,-0.79,-0.668839002982966,178.45020109331116,2846.043565742165,2.832649262621999
27005.0,-0.77,-0.6738970528338176,179.22797887108894,2853.7376226012725,0.8326492626219988
27010.0,-0.19999999999999996,-0.6502022001921267,179.302052945163,2862.899182462877,1.6214035470038652
27015.0,-0.15999999999999995,-0.6256920901825204,179.34750749061755,2872.3132312620783,1.5826824810355902
27020.0,-0.36999999999999994,-0.6129074856733943,180.56972971283977,2880.118855251203,2.704152435064316
27025.0,-0.33999999999999997,-0.5992621113897245,180.96972971283978,2886.51942672708,0.7041524201631546
27030.0,-0.019999999999999962,-0.5702990058202383,180.96972971283978,2896.025317857247,1.4224914610385895
27035.0,-0.04999999999999996,-0.5442840555292263,181.1840154271255,2905.297370142418,1.5633219331502914
27040.0,-0.22999999999999995,-0.5285698527527649,182.5840154271255,2910.434115910788,2.8617754094302654
27045.0,-0.25999999999999995,-0.5151413601151267,182.9524364797571,2916.3858597968133,0.9004964753985405
27050.0,-0.08999999999999994,-0.49388429210937035,183.17970920702982,2926.3184927401962,1.7377374097704887
27055.0,-0.06999999999999995,-0.4726900775039018,183.31607284339344,2936.3194755624377,1.759665971621871
27060.0,-0.25999999999999995,-0.4620555736287067,184.36369189101248,2944.3327715600512,2.832649262621999
27065.0,-0.2899999999999999,-0.45345279494727136,184.61369189101248,2952.4883487962893,0.6918187905102968
27070.0,5.551115123125783e-17,-0.43078015519990775,184.61369189101248,2961.747967953456,1.4101578164845705
27075.0,5.551115123125783e-17,-0.40924114743991236,184.61369189101248,2971.649702877945,1.3714367356151342
27080.0,-0.09999999999999995,-0.3937790900679167,185.23869189101248,2979.362214373523,2.541393354535103
27085.0,-0.20999999999999994,-0.3845901355645209,185.83869189101247,2986.333636397637,0.6796558108180761
27090.0,-0.11999999999999994,-0.37136062878629483,185.9720252243458,2995.5405359200977,1.3688687048852444
27095.0,-0.04999999999999995,-0.3552925973469801,185.9720252243458,3002.7188517260806,1.2499667964875698
27100.0,-0.13999999999999996,-0.3445279674796311,186.66433291665348,3011.4222839287527,2.3203820399940014
27105.0,-0.07999999999999995,-0.33130156910564956,186.76433291665347,3018.858889730634,0.2499667964875698
27110.0,-0.10999999999999995,-0.3202364906503671,187.76433291665347,3025.8552698429935,1.1091363094747066
27115.0,-0.07999999999999995,-0.3082246661178487,187.76433291665347,3035.0212372721617,1.1795515529811382
27120.0,5.551115123125783e-17,-0.29281343281195626,188.26433291665347,3041.179148769718,2.317813992500305
27125.0,5.551115123125783e-17,-0.2781727611713584,188.26433291665347,3049.575119315115,0.2886878624558449
27130.0,-0.039999999999999945,-0.26626412311279046,188.47485923244295,3058.8761640192038,1.2886878605931997
27135.0,-0.04999999999999995,-0.25545091695715094,188.47485923244295,3069.0841552041884,1.2886878605931997
27140.0,-0.09999999999999995,-0.2476783711092934,189.1415258991096,3077.131609457725,2.429518347606063
27145.0,-0.07999999999999995,-0.23929445255382872,189.1415258991096,3085.6138642104606,0.2886878624558449
27150.0,-0.15999999999999995,-0.2353297299261373,190.29537205295577,3093.0504572321593,1.1478573754429817
27155.0,-0.06999999999999995,-0.22706324342983042,190.29537205295577,3099.65541674448,1.1576229743659496
27160.0,-0.04999999999999995,-0.21821008125833888,190.91075666834038,3107.9606570549226,2.1189019083976746
27165.0,5.551115123125783e-17,-0.2072995771954219,190.91075666834038,3115.2556673212207,0.3082190603017807
27170.0,-0.029999999999999943,-0.1984345983356508,191.1250423826261,3124.859052424284,1.4271209686994553
27175.0,5.551115123125783e-17,-0.18851286841886825,191.1250423826261,3132.7139044340656,1.3786343038082123
27180.0,-0.039999999999999945,-0.18108722499792482,191.43273469031843,3142.464879639367,2.449049547314644
27185.0,5.551115123125783e-17,-0.17203286374802856,191.43273469031843,3150.9456225325175,0.538825323805213
27190.0,-0.039999999999999945,-0.16543122056062712,191.6680288079655,3160.521170933746,1.3979948367923498
27195.0,5.551115123125783e-17,-0.15715965953259575,191.6680288079655,3170.076316169718,1.2086776848882437
27200.0,-0.019999999999999945,-0.15030167655596596,191.7930288079655,3180.491737497096,2.2086776848882437
27205.0,-0.009999999999999945,-0.14328659272816766,191.8839378988746,3190.6222021075696,0.25716434977948666
27210.0,-0.05999999999999994,-0.13912226309175926,192.4839378988746,3198.9036777989004,1.3760662581771612
27215.0,5.551115123125783e-17,-0.1321661499371713,192.4839378988746,3206.549382440081,1.1189019083976746
27220.0,-0.019999999999999945,-0.12655784244031273,192.66575608069277,3215.597432204634,2.140830487012863
27225.0,5.551115123125783e-17,-0.12022995031829709,192.66575608069277,3226.082127450332,0.21124573051929474
27230.0,5.551115123125783e-17,-0.11421845280238223,192.9734483883851,3237.787428389656,1.1893171519041061
27235.0,-0.009999999999999945,-0.10900753016226311,193.0734483883851,3247.1000982691053,1.4271209686994553
27240.0,-0.05999999999999994,-0.10655715365414996,193.74011505505175,3258.2143213554573,2.4271209686994553
27245.0,5.551115123125783e-17,-0.10122929597144245,193.74011505505175,3266.146340210681,0.3567057251930237
27250.0,-0.05999999999999994,-0.09916783117287033,194.94011505505173,3272.811465672801,1.2378038167953491
27255.0,-0.04999999999999995,-0.0967094396142268,194.94011505505173,3278.4334839873172,1.2378038167953491
27260.0,5.551115123125783e-17,-0.09187396763351546,194.94011505505173,3288.4534494497398,2.237803816795349
27265.0,-0.029999999999999943,-0.08878026925183968,195.27344838838508,3296.3160584768766,0.47560763359069824
27270.0,-0.12999999999999995,-0.09084125578924769,196.45526657020326,3300.988547590448,1.4756076335906982
27275.0,-0.05999999999999994,-0.08929919299978531,196.45526657020326,3306.482956737038,1.7547005619853735
27280.0,5.551115123125783e-17,-0.08483423334979603,196.45526657020326,3315.1014456869507,2.725574430078268
27285.0,-0.019999999999999945,-0.08159252168230623,196.74098085591754,3323.821736323254,0.7934216260910034
27290.0,-0.21999999999999995,-0.08851289559819091,197.46825358319026,3331.781674387391,1.8102141171693802
27295.0,-0.31999999999999995,-0.10008725081828136,198.0564888773079,3340.308845002527,1.572410300374031
27300.0,-0.20999999999999994,-0.10558288827736728,198.27871109953014,3350.4385302103838,2.4535083919763565
27305.0,-0.06999999999999995,-0.10380374386349892,198.39635815835368,3361.473707236821,0.33460648357868195
27310.0,-0.16999999999999996,-0.10711355667032396,199.3194350814306,3370.1077332010145,1.4535083901137114
27315.0,-0.06999999999999995,-0.10525787883680776,199.3194350814306,3379.2282485495657,1.176983505487442
27320.0,5.551115123125783e-17,-0.09999498489496737,199.61943508143062,3389.4168835976757,2.0580815970897675
27325.0,-0.009999999999999945,-0.095495235650219,199.78610174809728,3395.559147061008,0.03872106596827507
27330.0,-0.07999999999999995,-0.09472047386770804,201.38610174809727,3402.463057789417,1.038721065968275
27335.0,5.551115123125783e-17,-0.08998445017432263,201.38610174809727,3410.011630127783,1.0
27340.0,5.551115123125783e-17,-0.0854852276656065,201.38610174809727,3423.198096577538,2.0
27345.0,5.551115123125783e-17,-0.08121096628232617,201.38610174809727,3437.6609739199384,0.0
27350.0,5.551115123125783e-17,-0.07715041796820986,201.38610174809727,3446.194029226853,1.0193605329841375
27355.0,5.551115123125783e-17,-0.07329289706979936,201.38610174809727,3458.5268553133774,1.0193605329841375
27360.0,-0.009999999999999945,-0.07012825221630939,201.38610174809727,3466.210337589387,2.0193605329841375
27365.0,5.551115123125783e-17,-0.06662183960549392,201.38610174809727,3474.5973905064125,0.08977577649056911
27370.0,5.551115123125783e-17,-0.06329074762521922,201.58610174809726,3485.780440620385,1.1601910199970007
27375.0,-0.029999999999999943,-0.06162621024395825,201.58610174809726,3497.392127537235,1.1601910199970007
27380.0,-0.08999999999999994,-0.06304489973176033,202.78610174809725,3499.8908281240233,2.140830487012863
27385.0,5.551115123125783e-17,-0.059892654745172316,202.78610174809725,3506.4187264615157,0.14083048701286316
27390.0,5.551115123125783e-17,-0.0568980220079137,202.78610174809725,3515.6573994473856,1.2306062635034323
27395.0,5.551115123125783e-17,-0.05405312090751801,202.78610174809725,3525.4345499921765,1.3010215070098639
27400.0,-0.039999999999999945,-0.0533504648621421,203.35753031952584,3531.860758605196,2.3714367505162954
27405.0,-0.009999999999999946,-0.05118294161903499,203.35753031952584,3539.8777011743605,0.23060626350343227
27410.0,5.377642775528102e-17,-0.04862379453808324,203.35753031952584,3552.3520469906994,1.0193605329841375
27415.0,5.377642775528102e-17,-0.04619260481117908,203.35753031952584,3564.4268143150443,1.0193605329841375
27420.0,5.377642775528102e-17,-0.043882974570620126,203.35753031952584,3572.119447876032,2.0193605329841375
27425.0,5.377642775528102e-17,-0.04168882584208912,203.35753031952584,3580.068319249671,0.03872106596827507
27430.0,-0.01999999999999995,-0.04060438454998466,203.60753031952584,3591.1258490221053,1.0580815989524126
27435.0,-0.009999999999999948,-0.03907416532248543,203.7741969861925,3599.828844241755,1.0580815970897675
27440.0,-0.05999999999999994,-0.04012045705636115,204.5241969861925,3608.1992519931264,2.07744213193655
27445.0,5.551115123125783e-17,-0.03811443420354309,204.5241969861925,3616.3632287836217,0.1672179065644741
27450.0,5.551115123125783e-17,-0.03620871249336593,204.5241969861925,3628.7049399454763,1.2376331500709057
27455.0,-0.009999999999999945,-0.034898276868697634,204.60112006311556,3636.3770326251474,1.3080483935773373
27460.0,-0.12999999999999995,-0.03965336302526275,205.46778672978223,3643.960636694836,2.3080483935773373
27465.0,-0.00999999999999994,-0.0381706948739996,205.46778672978223,3651.9992162577164,0.1672179065644741
27470.0,-0.04999999999999994,-0.038762160130299615,205.90528672978223,3662.3821931280104,1.167217906564474
27475.0,-0.029999999999999936,-0.038324052123784626,205.90528672978223,3671.0232662038316,1.1478573754429817
27480.0,-0.03999999999999994,-0.03840784951759539,206.23862006311558,3680.3207768281136,2.1989120859652758
27485.0,6.245004513516506e-17,-0.03648745704171562,206.23862006311558,3690.868291321195,0.12849684245884418
27490.0,-0.04999999999999994,-0.03716308418962983,206.73862006311558,3700.2531203624926,1.0968026630580425
27495.0,6.245004513516506e-17,-0.035304929980148336,206.73862006311558,3708.399002158542,1.0968026649206877
27500.0,-0.04999999999999994,-0.036039683481140915,207.12323544773096,3719.020857061191,2.1161631997674704
27505.0,6.245004513516506e-17,-0.03423769930708387,207.12323544773096,3729.6527447290255,0.13552372716367245
27510.0,-0.029999999999999936,-0.03402581434172967,207.31073544773096,3740.765403925735,1.205938970670104
27515.0,6.245004513516506e-17,-0.032324523624643185,207.31073544773096,3751.393636136066,1.1672179102897644
27520.0,-0.029999999999999936,-0.03220829744341102,207.71073544773097,3760.6963306336324,2.1478573754429817
27525.0,-0.00999999999999994,-0.031097882571240465,208.21073544773097,3768.7548906059205,0.21570457518100739
27530.0,-0.00999999999999994,-0.03004298844267844,208.27740211439763,3779.0446996397523,1.3346064817160368
27535.0,-0.10999999999999995,-0.034040839020544514,208.27740211439763,3788.0705266666696,1.4341478571295738
27540.0,-0.13999999999999996,-0.03933879706951728,208.47740211439762,3797.5240024487234,2.1963440384715796
27545.0,-0.009999999999999953,-0.037871857216041416,208.54406878106428,3806.0013552679125,0.19634403847157955
27550.0,-0.07999999999999996,-0.03997826435523934,208.95583348694663,3813.0921981652996,1.3152459468692541
27555.0,-0.19999999999999996,-0.047979351137477366,209.30583348694663,3817.881172290207,1.1963440403342247
27560.0,-0.27999999999999997,-0.059580383580603496,209.69713783477272,3823.2899272951263,2.334606483578682
27565.0,-0.37999999999999995,-0.07560136440157332,210.10622874386362,3828.5324115488384,0.35396701097488403
27570.0,-0.6699999999999999,-0.10532129618149463,212.0607741984091,3834.4019793824036,1.353967010974884
27575.0,-0.8899999999999999,-0.14455523137241988,213.63220276983768,3840.157274531487,1.3733275532722473
27580.0,-0.8099999999999999,-0.17782746980379888,216.58674822438314,3847.171707525803,2.2569936867803335
27585.0,-0.9899999999999999,-0.2184360963136089,217.4200815577165,3852.8655772824236,0.6743490602821112
27590.0,-1.2599999999999998,-0.27051429149792844,218.67934081697575,3859.4403701456795,1.8126114960759878
27595.0,-1.4199999999999997,-0.327988576923032,219.5758925411137,3865.2131460631945,1.8636662065982819
27600.0,-1.5299999999999998,-0.3880891480768804,220.3031652683864,3870.8289820151304,3.1040380746126175
27605.0,-1.7299999999999998,-0.45518469067303635,220.9420541572753,3877.3700669711698,0.9851361513137817
27610.0,-2.12,-0.5384254561393845,222.4420541572753,3884.8372699728807,1.8443056792020798
27615.0,-2.47,-0.6350041833324154,224.26558356904,3891.218754115097,1.8759998362511396
27620.0,-2.57,-0.7317539741657946,226.16558356904,3896.5285788764004,2.8883334808051586
27625.0,-2.55,-0.8226662754575049,226.73225023570666,3901.794057563612,0.9076940137892962
27630.0,-2.85,-0.9240329616846297,227.96558356903998,3907.5132681596597,1.715808829292655
27635.0,-3.12,-1.0338313136003983,229.26558356904,3912.976269742841,1.9755412116646767
27640.0,-2.67,-1.1156397479203783,229.95308356904,3916.8719450000017,3.0361908674240112
27645.0,-2.86,-1.2028577605243593,230.98249533374587,3921.95099608816,0.9851361513137817
27650.0,-3.28,-1.3067148724981412,233.06144270216691,3928.783299174751,1.7421962525695562
27655.0,-3.25,-1.4038791288732342,234.49387513459934,3935.4837205925623,1.841737624257803
27660.0,-3.11,-1.4891851724295724,236.36229618723092,3940.183410669074,2.980000074952841
27665.0,-3.46,-1.5877259138080937,237.41357823851297,3944.6392505284794,0.7906829118728638
27670.0,-3.86,-1.701339618117689,238.87699287265932,3949.244031997317,1.669212967157364
27675.0,-4.2,-1.8262726372118043,241.13340312906956,3953.8197188815593,1.749393805861473
27680.0,-3.7,-1.919959005351214,244.0564800521465,3957.5111962696124,2.6913122069090605
27685.0,-4.34,-2.0409610550836534,247.13340312906956,3960.37900205735,0.7106727417558432
27690.0,-4.8,-2.1789130023294705,249.3641723598388,3963.4512366729505,1.8489351775497198
27695.0,-5.38,-2.338967352212997,251.91680393878616,3966.0537544548774,1.8295746445655823
27700.0,-4.98,-2.471018984602347,254.31154078089142,3969.0871926338077,2.671951673924923
27705.0,-4.96,-2.59546803537223,258.06829753764816,3972.3836635290086,0.5917708314955235
27710.0,-5.39,-2.7351946336036184,262.32544039479103,3976.0530604541254,1.6111313663423061
27715.0,-5.7,-2.8834349019234375,266.94308745361457,3980.481188669163,1.6111313663423061
27720.0,-5.51,-3.0147631568272657,268.91278442331156,3984.9445147447577,2.5917708333581686
27725.0,-5.02,-3.115024998985902,269.75653442331156,3989.7444950249915,0.47286892496049404
27730.0,-4.72,-3.1952737490366063,271.56903442331156,3994.5972762042556,1.6111313607543707
27735.0,-5.75,-3.323010061584776,273.0396226586057,3999.941394903689,1.7617274522781372
27740.0,-5.63,-3.438359558505537,274.6866814821351,4005.3116940273335,2.7810879796743393
27745.0,-5.35,-3.5339415805802603,276.5616814821351,4010.734793989924,0.6111313700675964
27750.0,-4.78,-3.596244501551247,277.4366814821351,4016.447860634036,1.649852430447936
27755.0,-4.38,-3.6354322764736846,279.2108750305222,4022.113100142169,1.5309505220502615
27760.0,-4.65,-3.6861606626500003,280.59018537534973,4027.5431397047055,2.550311055034399
27765.0,-4.28,-3.7158526295175003,281.1074267546601,4032.4600625364724,0.47013020515441895
27770.0,-4.28,-3.744059998041625,283.2364590127246,4038.4896565249232,1.508851282298565
27775.0,-4.5,-3.781856998139544,284.0429106256278,4044.5476468417905,1.579266518354416
27780.0,-3.74,-3.7797641482325663,284.5429106256278,4051.807938276023,2.5211849212646484
27785.0,-3.4,-3.760775940820938,285.301531315283,4059.7144420829673,0.4507696833461523
27790.0,-3.7,-3.7577371437798908,286.85708687083854,4066.8007157796787,1.4894907400012016
27795.0,-3.53,-3.746350286590896,289.56079057454224,4073.010920012583,1.3705888390541077
27800.0,-2.35,-3.6765327722613512,290.19412390787556,4080.254426390095,2.373156875371933
27805.0,-2.5,-3.6177061336482836,290.4699859768411,4087.4407647676353,0.48229318857192993
27810.0,-2.79,-3.576320826965869,291.5044687354618,4094.8691169888857,1.3608232289552689
27815.0,-2.78,-3.5365047856175753,291.8044687354618,4101.318250376772,1.501653715968132
27820.0,-2.24,-3.4716795463366963,291.8982187354618,4109.260758703508,2.513987373560667
27825.0,-2.23,-3.4095955690198614,291.9285217657648,4118.09920079871,0.5527084395289421
27830.0,-2.44,-3.361115790568868,292.6059411206035,4125.240579417127,1.5914294943213463
27835.0,-1.77,-3.2815600010404244,292.9987982634607,4133.0732198205515,1.501653715968132
27840.0,-1.11,-3.172982000988403,293.26546493012734,4140.8292447149,2.6135287396609783
27845.0,-1.16,-3.0723329009389824,293.4590133172241,4148.369172690017,0.9604688733816147
27850.0,-1.3,-2.983716255892033,294.0074004139983,4156.362661023325,1.8583594411611557
27855.0,-0.7,-2.8695304430974313,294.0074004139983,4163.983603503109,1.739457543939352
27860.0,-0.22999999999999998,-2.7375539209425597,294.26546493012734,4173.069303320087,2.6037631444633007
27865.0,-0.20999999999999996,-2.6111762248954316,294.2987982634607,4181.653929111721,0.5720689594745636
27870.0,-0.4,-2.50061741365066,294.9884534358745,4189.6779238794425,1.4699595496058464
27875.0,-0.27,-2.389086542968127,295.3455962930173,4197.3669643677695,1.5914295017719269
27880.0,-0.10999999999999999,-2.275132215819721,295.62145836198283,4206.260647712858,2.6037631407380104
27885.0,-0.06999999999999999,-2.1648756050287346,295.6571726476971,4215.728295316263,0.5720689669251442
27890.0,-0.19,-2.066131824777298,296.10544850976606,4225.330893907739,1.3995443060994148
27895.0,-0.1,-1.9678252335384327,296.10544850976606,4233.394413721286,1.3995443060994148
27900.0,-0.06,-1.8724339718615108,296.2906336949512,4242.056564791834,2.3027416430413723
27905.0,-0.05,-1.7813122732684352,296.3290952334128,4251.015964630238,0.2710474543273449
27910.0,-0.19,-1.7017466596050135,297.0490952334128,4260.078814110431,1.30976852029562
27915.0,-0.2,-1.6266593266247626,297.0490952334128,4269.195377866573,1.3801837712526321
27920.0,0.0,-1.5453263602935245,297.0490952334128,4280.218884800678,2.353796347975731
27925.0,-0.02,-1.4690600422788482,297.1443333286509,4291.193928237946,0.3537963479757309
27930.0,-0.12,-1.4016070401649057,297.81099999531756,4300.309414883464,1.4435721188783646
27935.0,0.0,-1.3315266881566603,297.81099999531756,4308.706230586588,1.4242115877568722
27940.0,-0.06,-1.267950353748827,298.16394117178817,4316.766489716898,2.3661299999803305
27945.0,-0.03,-1.2060528360613856,298.2353697432167,4324.808001375227,0.2446600403636694
27950.0,-0.16,-1.1537501942583162,299.3782268860739,4332.713295569132,1.2129658665508032
27955.0,-0.14,-1.1030626845454001,299.3782268860739,4340.419208364452,1.2129658609628677
27960.0,0.0,-1.0479095503181302,299.3782268860739,4350.895652842223,2.2640205677598715
27965.0,0.0,-0.9955140728022236,299.3782268860739,4362.475237453021,0.283381100744009
27970.0,-0.05,-0.9482383691621123,299.76284227068925,4372.879380908883,1.2129658572375774
27975.0,-0.05,-0.9033264507040066,299.76284227068925,4381.672831098804,1.1742447968572378
27980.0,0.0,-0.8581601281688063,299.76284227068925,4392.825587571768,2.1161631997674704
27985.0,-0.01,-0.8157521217603658,299.87395338180033,4402.867611434814,0.1672179102897644
27990.0,-0.06,-0.7779645156723475,300.62395338180033,4410.155420692645,1.1865784376859665
27995.0,-0.04,-0.74106628988873,300.72395338180036,4415.314624119781,1.2059389799833298
28000.0,-0.010000000000000002,-0.7045129753942935,300.80728671513367,4424.834959015876,2.1865784376859665
28005.0,-0.020000000000000004,-0.6702873266245788,300.89819580604274,4433.81387725863,0.15488426387310028
28010.0,-0.07,-0.6402729602933498,301.49819580604276,4443.699641611816,1.1742447912693024
28015.0,-0.010000000000000002,-0.6087593122786822,301.49819580604276,4453.385228908267,1.1936053335666656
28020.0,-0.010000000000000002,-0.578821346664748,301.49819580604276,4464.887968156377,2.2129658609628677
28025.0,-0.04,-0.5518802793315106,301.77092307877,4474.757822571534,0.21296586096286774
28030.0,-0.15,-0.531786265364935,302.9375897454367,4481.771610904702,1.2833811044692993
28035.0,-0.21,-0.5156969520966882,303.3125897454367,4487.517039544485,1.4435721188783646
28040.0,-0.06,-0.49291210449185374,303.3125897454367,4494.2829137878425,2.5650420635938644
28045.0,-0.09,-0.47276649926726105,303.40349883634576,4501.413708855277,0.603763148188591
28050.0,-0.21,-0.45962817430389796,304.0121944885197,4509.72685130621,1.5720689594745636
28055.0,-0.29,-0.45114676558870304,304.57741187982407,4516.670647477227,1.6618447452783585
28060.0,-0.2,-0.43858942730926787,304.89741187982406,4524.898164636524,2.7639541625976562
28065.0,-0.18,-0.42565995594380446,304.9344489168611,4532.6838178078915,0.8026752173900604
28070.0,-0.26,-0.41737695814661424,305.4172075375507,4540.328437479702,1.6301505770534277
28075.0,-0.37,-0.4150081102392835,305.9344489168611,4547.066749579542,1.7903415616601706
28080.0,-0.38,-0.4132577047273193,306.35380375557077,4554.219080636234,2.8220357671380043
28085.0,-0.39,-0.41209481949095333,306.44755375557077,4561.0265286003605,0.8607568442821503
28090.0,-0.5,-0.4164900785164057,307.0761251841422,4568.673146378627,1.7586474269628525
28095.0,-0.64,-0.4276655745905854,307.72477383279085,4575.885484640824,1.8994778990745544
28100.0,-0.56,-0.43428229586105616,308.3563527801593,4583.327908829602,2.9311720579862595
28105.0,-0.59,-0.4420681810680033,308.4076348314413,4590.823263068778,0.9479645788669586
28110.0,-0.75,-0.4574647720146031,309.2025066263131,4598.159793117282,1.4452922642230988
28115.0,-0.88,-0.47859153341387295,309.9052093290158,4605.349534650967,1.4259317219257355
28120.0,-0.4,-0.4746619567431793,309.9052093290158,4613.5034781212,2.6567086428403854
28125.0,-0.44,-0.4729288589060203,310.0194950433015,4622.225589631045,0.5765278190374374
28130.0,-0.75,-0.48678241596071925,311.04890680800736,4628.0194859711955,1.6152488887310028
28135.0,-0.76,-0.5004432951626833,311.78420092565443,4634.524713789806,1.617816910147667
28140.0,-0.31,-0.4909211304045491,311.9463630878166,4642.506627829817,2.7005658000707626
28145.0,-0.34,-0.48337507388432166,312.0606488021023,4649.949408693637,0.739286869764328
28150.0,-0.64,-0.49120632019010557,313.18186092331445,4656.176878170276,1.688232183456421
28155.0,-0.8,-0.5066460041806002,314.0909518324054,4662.718806303712,1.7903415858745575
28160.0,-0.4,-0.5013137039715702,314.5284518324054,4671.648253180603,2.7445936277508736
28165.0,-0.43,-0.49774801877299163,314.6617851657387,4679.139980307442,0.8634955286979675
28170.0,-0.54,-0.49986061783434205,315.50049484315804,4685.745984662073,1.902216598391533
28175.0,-0.65,-0.507367586942625,316.18799484315804,4691.360257440658,1.7833146899938583
28180.0,-0.41,-0.5024992075954937,316.73638193993224,4698.631253904858,2.7058725506067276
28185.0,-0.5,-0.502374247215719,317.23638193993224,4706.686925404789,0.5844026133418083
28190.0,-0.62,-0.508255534854933,318.5825357860861,4715.009051228711,1.3925174102187157
28195.0,-0.49,-0.5073427581121863,318.5825357860861,4724.213823846685,1.4920587837696075
28200.0,-0.08999999999999997,-0.486475620206577,318.8517665553169,4733.463005284887,2.5722396336495876
28205.0,-0.049999999999999975,-0.4646518391962481,318.8517665553169,4742.484892247374,0.6426548771560192
28210.0,-0.14999999999999997,-0.44891924723643567,319.31330501685534,4751.223457027729,1.6911415420472622
28215.0,-0.11999999999999997,-0.4324732848746139,319.31330501685534,4758.88570958842,1.67178101465106
28220.0,-0.049999999999999975,-0.4133496206308832,319.48571880995877,4767.836594671877,2.613699411973357
28225.0,-0.019999999999999973,-0.393682139599339,319.52143309567305,4776.910615433658,0.373327549546957
28230.0,-0.18999999999999997,-0.38349803261937204,320.1642902385302,4786.374473146978,1.3733275458216667
28235.0,-0.07999999999999997,-0.3683231309884034,320.1642902385302,4795.70576950788,1.2544256411492825
28240.0,-0.07999999999999997,-0.3539069744389832,320.4842902385302,4806.134140239611,2.2544256411492825
28245.0,-0.07999999999999997,-0.34021162571703406,320.52776849939977,4815.841361408349,0.3926880769431591
28250.0,-0.11999999999999997,-0.32920104443118237,321.0515780232093,4826.113696178484,1.293146699666977
28255.0,-0.009999999999999967,-0.31324099220962326,321.0515780232093,4835.912535995472,1.1548842638731003
28260.0,-0.04999999999999997,-0.3000789425991421,321.26210433899877,4845.5768265937095,2.392688076943159
28265.0,-0.009999999999999967,-0.28557499546918497,321.26210433899877,4855.043280681342,0.43140914663672447
28270.0,-0.05999999999999996,-0.2742962456957257,321.5252622337356,4862.198939820939,1.5890321247279644
28275.0,-0.01999999999999997,-0.2615814334109394,321.5252622337356,4869.556194130203,1.4701302107423544
28280.0,3.122502256758253e-17,-0.24850236174039245,321.69917527721384,4879.159089190422,2.363561948761344
28285.0,-0.009999999999999969,-0.23657724365337282,321.7446298226684,4889.830339446193,0.38549052737653255
28290.0,-0.05999999999999996,-0.22774838147070417,322.0054993878858,4900.001903693405,1.5748076848685741
28295.0,-0.01999999999999997,-0.21736096239716896,322.0054993878858,4910.4504957721365,1.4171847011893988
28300.0,-0.009999999999999969,-0.2069929142773105,322.0531184355048,4920.5424598076515,2.4805730432271957
28305.0,-0.01999999999999997,-0.19764326856344497,322.0531184355048,4929.429173122966,0.718376874923706
28310.0,-0.05999999999999996,-0.19076110513527272,322.3031184355048,4936.830156707565,1.6964482963085175
28315.0,-0.04999999999999997,-0.18372304987850907,322.3031184355048,4944.997172809416,1.628601085394621
28320.0,-0.09999999999999998,-0.17953689738458362,322.71220934459575,4953.931193823649,2.8496124297380447
28325.0,-0.09999999999999998,-0.17556005251535442,322.7556876054653,4962.160866066578,0.8496124148368835
28330.0,-0.09999999999999998,-0.1717820498895867,323.172354272132,4970.471728348338,1.7791971862316132
28335.0,-0.07999999999999997,-0.16719294739510737,323.21081581059354,4978.318914699357,1.8496124148368835
28340.0,-0.18999999999999997,-0.16833330002535202,323.87748247726023,4986.400336297824,2.8715410083532333
28345.0,-0.32999999999999996,-0.1764166350240844,324.47007506985284,4994.747640539759,0.8011257648468018
28350.0,-0.22999999999999995,-0.17909580327288016,324.7617417365195,5003.063471133074,1.63836669921875
28355.0,-0.20999999999999994,-0.18064101310923616,324.80936078413856,5011.696739314265,1.63836669921875
28360.0,-0.29999999999999993,-0.18660896245377434,325.4457244205022,5020.791655610601,2.6602952778339386
28365.0,-0.31999999999999995,-0.19327851433108562,325.7935505074587,5030.682322404743,0.7087819427251816
28370.0,-0.14999999999999994,-0.19111458861453134,326.2026414165496,5041.1602494919425,1.6164381206035614
28375.0,-0.05999999999999994,-0.18455885918380477,326.25026046416866,5050.177397377121,1.4975362122058868
28380.0,-0.07999999999999995,-0.17933091622461453,326.6788318927401,5060.519215181877,2.497536212205887
28385.0,5.551115123125783e-17,-0.1703643704133838,326.6788318927401,5070.914314739579,0.42712096869945526
28390.0,-0.07999999999999995,-0.1658461518927146,327.14942012803425,5080.630256779659,1.3567057251930237
28395.0,-0.039999999999999945,-0.15955384429807887,327.14942012803425,5088.502832069326,1.4756076335906982
28400.0,5.551115123125783e-17,-0.1515761520831749,327.14942012803425,5098.372273653524,2.3082190603017807
28405.0,-0.019999999999999945,-0.14499734447901616,327.2670671868578,5108.824793625799,0.5460228770971298
28410.0,-0.11999999999999994,-0.14374747725506534,327.9141260103872,5115.293728235912,1.684285318478942
28415.0,-0.09999999999999995,-0.14156010339231206,327.9141260103872,5123.696556291044,1.635798653587699
28420.0,-0.029999999999999943,-0.13598209822269647,328.0504896467508,5132.878721635875,2.5168967451900244
28425.0,-0.019999999999999945,-0.13018299331156163,328.13744616848993,5142.357159503471,0.4464815016835928
28430.0,-0.14999999999999994,-0.13117384364598356,328.92691985270045,5151.593329603254,1.4949681665748358
28435.0,-0.07999999999999995,-0.12861515146368438,328.92691985270045,5160.71649898475,1.3567057251930237
28440.0,-0.029999999999999943,-0.12368439389050015,329.0697769955576,5170.786682814299,2.237803816795349
28445.0,5.551115123125783e-17,-0.11750017419597514,329.0697769955576,5180.601369106774,0.49753621220588684
28450.0,-0.04999999999999995,-0.11412516548617638,329.18516161094226,5190.206151589056,1.63836669921875
28455.0,-0.05999999999999994,-0.11141890721186756,329.2684949442756,5199.831281153695,1.4709781259298325
28460.0,-0.15999999999999995,-0.11384796185127417,329.93516161094226,5208.656255593061,2.4709781259298325
28465.0,-0.03999999999999995,-0.11015556375871047,329.93516161094226,5216.802083034226,0.44904954731464386
28470.0,-0.009999999999999953,-0.10514778557077493,329.9907171664978,5225.9192655121815,1.3082190603017807
28475.0,-0.019999999999999955,-0.10089039629223619,329.9907171664978,5236.176000142714,1.1893171519041061
28480.0,-0.03999999999999995,-0.09784587647762437,330.3543535301342,5243.893180575997,2.189317151904106
28485.0,-0.009999999999999953,-0.09345358265374315,330.3543535301342,5251.689857417276,0.3082190603017807
28490.0,-0.019999999999999955,-0.08978090352105599,330.4876868634675,5259.809061429734,1.686853364109993
28495.0,-0.019999999999999955,-0.08629185834500318,330.4876868634675,5266.1092809011425,1.5194647908210754
28500.0,-0.10999999999999996,-0.08747726542775303,331.3210201968008,5273.439791832433,2.4224914610385895
28505.0,-0.03999999999999995,-0.08510340215636537,331.3210201968008,5280.844976786375,0.3520762026309967
28510.0,-0.02999999999999995,-0.0823482320485471,331.3210201968008,5290.64677701085,1.3520762026309967
28515.0,-0.03999999999999995,-0.08023082044611975,331.3979432737239,5298.498679563103,1.492906704545021
28520.0,-0.14999999999999994,-0.08371927942381374,332.1979432737239,5305.613804861843,2.633737176656723
28525.0,-0.19999999999999996,-0.08953331545262305,332.5104432737239,5312.093512137288,0.6337371915578842
28530.0,-0.05999999999999994,-0.0880566496799919,332.5104432737239,5321.845325635098,1.492906704545021
28535.0,-0.10999999999999995,-0.0891538171959923,332.8229432737239,5329.808416338891,1.633737176656723
28540.0,-0.3499999999999999,-0.10219612633619268,334.5288256266651,5334.309525123292,3.0123715102672577
28545.0,-0.38999999999999996,-0.11658632001938304,335.370930889823,5339.586071526329,0.8934696018695831
28550.0,-0.19999999999999996,-0.12075700401841388,335.76223523764907,5346.240010458889,1.682223841547966
28555.0,-0.14999999999999994,-0.12221915381749318,335.8076897831036,5354.5584218717595,1.7041524350643158
28560.0,-0.31999999999999995,-0.1321081961266185,336.66483264024646,5361.174991569366,2.7745676785707474
28565.0,-0.39999999999999997,-0.14550278632028757,337.34665082206465,5367.8998505422005,0.7745676934719086
28570.0,-0.15999999999999995,-0.14622764700427318,337.42998415539796,5376.338696041262,1.5633219480514526
28575.0,-0.17999999999999994,-0.14791626465405952,337.520893246307,5384.6742543410155,1.7041524052619934
28580.0,-0.31999999999999995,-0.15652045142135654,338.2827980082118,5390.590907622826,2.8449829071760178
28585.0,-0.39999999999999997,-0.16869442885028868,339.01964011347496,5396.51307723824,0.7745676934719086
28590.0,-0.22999999999999995,-0.17175970740777424,339.26964011347496,5404.757286683943,1.4929066896438599
28595.0,-0.24999999999999994,-0.1756717220373855,339.319640113475,5413.582380556059,1.6337371915578842
28600.0,-0.36999999999999994,-0.18538813593551623,340.132140113475,5419.281536920579,2.8230543583631516
28605.0,-0.41999999999999993,-0.1971187291387404,340.8968459958279,5424.191406505439,0.7526390999555588
28610.0,-0.32999999999999996,-0.20376279268180336,341.3730364720184,5431.960750223182,1.682223841547966
28615.0,-0.27999999999999997,-0.20757465304771316,341.4230364720184,5439.494680165147,1.6530977096408606
28620.0,-0.43999999999999995,-0.21919592039532748,342.2325602815422,5445.604207382901,2.842414876446128
28625.0,-0.42999999999999994,-0.2297361243755611,342.77801482699675,5452.461076660204,0.7015843894332647
28630.0,-0.17999999999999994,-0.22724931815678304,342.85493790391985,5461.927436645549,1.728142460808158
28635.0,-0.19999999999999996,-0.2258868522489439,343.03675608573803,5470.935744602821,1.7500710543245077
28640.0,-0.36999999999999994,-0.23309250963649666,343.90632130312935,5478.456389490241,3.0098034348338842
28645.0,-0.23999999999999994,-0.23343788415467182,343.94632130312937,5485.698719540751,0.9200276732444763
28650.0,-0.12999999999999995,-0.22826598994693822,344.3748927317008,5494.543664857223,1.8761705160140991
28655.0,-0.12999999999999995,-0.2233526904495913,344.4518158086239,5502.956804632711,2.017000988125801
28660.0,-0.13999999999999996,-0.21918505592711174,344.9934824752906,5512.107553600745,2.8496124297380447
28665.0,-0.11999999999999994,-0.21422580313075615,345.13633961814776,5520.506005154392,0.6602952778339386
28670.0,-0.19999999999999996,-0.21351451297421833,346.0887205705287,5529.102158136952,1.4490495473146439
28675.0,-0.12999999999999995,-0.20933878732550742,346.0887205705287,5539.561343725223,1.4709781259298325
28680.0,-0.03999999999999995,-0.20087184795923205,346.3387205705287,5549.254202304069,2.4224914461374283
28685.0,-0.019999999999999952,-0.19182825556127045,346.3387205705287,5558.586487719981,0.4224914461374283
28690.0,4.85722573273506e-17,-0.18223684278320693,346.3387205705287,5569.819592196099,1.2499667964875698
28695.0,4.85722573273506e-17,-0.17312500064404657,346.3387205705287,5580.962535295969,1.1989120841026306
28700.0,-0.03999999999999995,-0.16646875061184424,346.55300628481444,5590.708083613279,2.2886878605931997
28705.0,-0.02999999999999995,-0.15964531308125202,346.55300628481444,5601.441437307664,0.35910310596227646
28710.0,-0.009999999999999953,-0.15216304742718942,346.55300628481444,5614.224835531866,1.3591031059622765
28715.0,-0.009999999999999953,-0.14505489505582994,346.55300628481444,5625.608286427307,1.4295183345675468
28720.0,-0.049999999999999954,-0.14030215030303844,346.8387205705287,5635.054496538849,2.4612125121057034
28725.0,-0.009999999999999953,-0.1337870427878865,346.8387205705287,5641.980382099022,0.39079728350043297
28730.0,-0.07999999999999996,-0.13109769064849217,347.2504852764111,5650.991368586986,1.2499667964875698
28735.0,-0.009999999999999953,-0.12504280611606755,347.31715194307776,5659.904186750461,1.3010215070098639
28740.0,-0.08999999999999996,-0.12329066581026417,347.9600090859349,5667.052072884452,2.3714367505162954
28745.0,-0.019999999999999962,-0.11812613251975096,347.9600090859349,5674.164616207376,0.23060626350343227
28750.0,3.8163916471489756e-17,-0.1122198258937634,347.9600090859349,5686.995262689659,1.138262441381812
28755.0,-0.009999999999999962,-0.10710883459907523,348.1028662287921,5696.078374077609,1.3760662581771612
28760.0,-0.06999999999999997,-0.10525339286912147,348.9600090859349,5704.957261417953,2.0193605329841375
28765.0,-0.019999999999999962,-0.1009907232256654,349.071120197046,5712.999939712325,0.1382624413818121
28770.0,-0.13999999999999996,-0.10294118706438211,350.071120197046,5718.481662069111,1.3275795932859182
28775.0,-0.13999999999999996,-0.10479412771116299,350.196120197046,5724.161635572668,1.5679514557123184
28780.0,-0.01999999999999995,-0.10055442132560484,350.196120197046,5733.213774043603,2.7087819278240204
28785.0,-0.04999999999999995,-0.0980267002593246,350.396120197046,5741.08980051285,0.827683836221695
28790.0,-0.19999999999999996,-0.10312536524635836,351.34348861809866,5748.547498427391,1.686853364109993
28795.0,-0.21999999999999995,-0.10896909698404043,351.4101552847653,5754.027685236591,1.3786343038082123
28800.0,-0.12999999999999995,-0.1100206421348384,351.88074352005947,5760.808700786353,2.2597323954105377
